Airport Code,Airport Description
All,All
AllMajors,All Major Airports
ATL,"- Atlanta, GA: Hartsfield-Jackson Atlanta International"
BWI,"- Baltimore, MD: Baltimore/Washington International Thurgood Marshall"
BOS,"- Boston, MA: Logan International"
CLT,"- Charlotte, NC: Charlotte Douglas International"
MDW,"- Chicago, IL: Chicago Midway International"
ORD,"- Chicago, IL: Chicago O'Hare International"
DFW,"- Dallas/Fort Worth, TX: Dallas/Fort Worth International"
DEN,"- Denver, CO: Denver International"
DTW,"- Detroit, MI: Detroit Metro Wayne County"
FLL,"- Fort Lauderdale, FL: Fort Lauderdale-Hollywood International"
HNL,"- Honolulu, HI: Daniel K Inouye International"
IAH,"- Houston, TX: George Bush Intercontinental/Houston"
LAS,"- Las Vegas, NV: McCarran International"
LAX,"- Los Angeles, CA: Los Angeles International"
MIA,"- Miami, FL: Miami International"
MSP,"- Minneapolis, MN: Minneapolis-St Paul International"
JFK,"- New York, NY: John F. Kennedy International"
LGA,"- New York, NY: LaGuardia"
EWR,"- Newark, NJ: Newark Liberty International"
MCO,"- Orlando, FL: Orlando International"
PHL,"- Philadelphia, PA: Philadelphia International"
PHX,"- Phoenix, AZ: Phoenix Sky Harbor International"
PDX,"- Portland, OR: Portland International"
SLC,"- Salt Lake City, UT: Salt Lake City International"
SAN,"- San Diego, CA: San Diego International"
SFO,"- San Francisco, CA: San Francisco International"
SEA,"- Seattle, WA: Seattle/Tacoma International"
TPA,"- Tampa, FL: Tampa International"
DCA,"- Washington, DC: Ronald Reagan Washington National"
IAD,"- Washington, DC: Washington Dulles International"
AllOthers,All Other Airports
UXM,"- 47-Mile Mine, AK: 47-Mile Mine Airport"
ABR,"- Aberdeen, SD: Aberdeen Regional"
ABI,"- Abilene, TX: Abilene Regional"
DYS,"- Abilene, TX: Dyess AFB"
ADK,"- Adak Island, AK: Adak"
VZF,"- Afognak Straits, AK: Afognak Straits Airport"
BQN,"- Aguadilla, PR: Rafael Hernandez"
AKK,"- Akhiok, AK: Akhiok Airport"
KKI,"- Akiachak, AK: Akiachak Airport"
AKI,"- Akiak, AK: Akiak Airport"
AKO,"- Akron, CO: Colorado Plains Regional"
AKC,"- Akron, OH: Akron Fulton International"
CAK,"- Akron, OH: Akron-Canton Regional"
7AK,"- Akun, AK: Akun Airport"
KQA,"- Akutan, AK: Akutan Airport"
AUK,"- Alakanuk, AK: Alakanuk Airport"
ALM,"- Alamogordo, NM: Alamogordo White Sands Regional"
ALS,"- Alamosa, CO: San Luis Valley Regional/Bergman Field"
ABY,"- Albany, GA: Southwest Georgia Regional"
ALB,"- Albany, NY: Albany International"
ABQ,"- Albuquerque, NM: Albuquerque International Sunport"
ZXB,"- Albuquerque, NM: Double Eagle II"
WKK,"- Aleknagik, AK: Aleknagik New"
AED,"- Aleneva, AK: Aleneva Airport"
AEX,"- Alexandria, LA: Alexandria International"
AXN,"- Alexandria, MN: Chandler Field"
AET,"- Allakaket, AK: Allakaket Airport"
ABE,"- Allentown/Bethlehem/Easton, PA: Lehigh Valley International"
AIA,"- Alliance, NE: Alliance Municipal"
APN,"- Alpena, MI: Alpena County Regional"
DQH,"- Alpine, AK: Alpine Airstrip"
AOO,"- Altoona, PA: Altoona-Blair County"
AMA,"- Amarillo, TX: Rick Husband Amarillo International"
ABL,"- Ambler, AK: Ambler River"
OQZ,"- American Creek, AK: American Creek Airport"
AOS,"- Amook Bay, AK: Amook Bay Airport"
OTS,"- Anacortes, WA: Anacortes Airport"
AKP,"- Anaktuvuk Pass, AK: Anaktuvuk Pass Airport"
EDF,"- Anchorage, AK: Elmendorf AFB"
DQL,"- Anchorage, AK: Lake Hood"
MRI,"- Anchorage, AK: Merrill Field"
ANC,"- Anchorage, AK: Ted Stevens Anchorage International"
AND,"- Anderson, SC: Anderson Regional"
AGN,"- Angoon, AK: Angoon Seaplane Base"
ANI,"- Aniak, AK: Aniak Airport"
ANN,"- Annette, AK: Annette Island"
ANB,"- Anniston, AL: Anniston Regional"
ANV,"- Anvik, AK: Anvik Airport"
ATW,"- Appleton, WI: Appleton International"
ACV,"- Arcata/Eureka, CA: California Redwood Coast Humboldt County"
ARC,"- Arctic Village, AK: Arctic Village Airport"
ADM,"- Ardmore, OK: Ardmore Municipal"
JZT,"- Arlington, TX: Arlington Municipal"
AVL,"- Asheville, NC: Asheville Regional"
HTS,"- Ashland, WV: Tri-State/Milton J. Ferguson Field"
ASE,"- Aspen, CO: Aspen Pitkin County Sardy Field"
AST,"- Astoria/Seaside, OR: Astoria Regional"
AHN,"- Athens, GA: Athens/Ben Epps"
AKB,"- Atka, AK: Atka Airport"
PDK,"- Atlanta, GA: Dekalb Peachtree"
FTY,"- Atlanta, GA: Fulton County Airport-Brown Field"
GA3,"- Atlanta, GA: Newnan Coweta County"
ACY,"- Atlantic City, NJ: Atlantic City International"
ATT,"- Atmautluak, AK: Atmautluak Airport"
ATK,"- Atqasuk, AK: Atqasuk Edward Burnell Sr. Memorial"
MER,"- Atwater, CA: Castle"
AUO,"- Auburn, AL: Auburn University Regional"
AGS,"- Augusta, GA: Augusta Regional at Bush Field"
AUG,"- Augusta/Waterville, ME: Augusta State"
AUS,"- Austin, TX: Austin - Bergstrom International"
A28,"- Ayakulik River, AK: Ayakulik River Airport"
BFL,"- Bakersfield, CA: Meadows Field"
BGR,"- Bangor, ME: Bangor International"
BHB,"- Bar Harbor, ME: Hancock County-Bar Harbor"
BRW,"- Barrow, AK: Wiley Post/Will Rogers Memorial"
BTI,"- Barter Island, AK: Barter Island Airport"
BQV,"- Bartlett Cove, AK: Bartlett Cove Seaplane Base"
A2K,"- Bartletts, AK: Bartletts Airport"
BTR,"- Baton Rouge, LA: Baton Rouge Metropolitan/Ryan Field"
BTL,"- Battle Creek, MI: W K Kellogg"
BBC,"- Bay City, TX: Bay City Regional"
AK2,"- Bear Fish Camp, AK: Bear Fish Camp Airport"
A56,"- Bear Lake, AK: Johnsons Landing"
BTY,"- Beatty, NV: Beatty Airport"
BPT,"- Beaumont/Port Arthur, TX: Jack Brooks Regional"
BVD,"- Beaver Inlet, AK: Beaver Inlet Seaport"
WBQ,"- Beaver, AK: Beaver Airport"
BKW,"- Beckley, WV: Raleigh County Memorial"
BED,"- Bedford, MA: Laurence G Hanscom Field"
A11,"- Bell Creek, AK: Bell Creek Airport"
KBE,"- Bell Island, AK: Bell Island Hot Springs Seaplane Base"
BLV,"- Belleville, IL: Scott AFB/MidAmerica"
BLI,"- Bellingham, WA: Bellingham International"
BLM,"- Belmar/Farmingdale, NJ: Monmouth Executive"
JVL,"- Beloit/Janesville, WI: Southern Wisconsin Regional"
BVU,"- Beluga, AK: Beluga Airport"
BJI,"- Bemidji, MN: Bemidji Regional"
RDM,"- Bend/Redmond, OR: Roberts Field"
BEH,"- Benton Harbor/St. Joseph, MI: Southwest Michigan Regional"
NJ1,"- Berlin, NJ: Camden County"
BET,"- Bethel, AK: Bethel Airport"
BTT,"- Bettles, AK: Bettles Airport"
BVY,"- Beverly, MA: Beverly Regional"
OQB,"- Bible Camp, AK: Bible Camp Airport"
A50,"- Big Bay, AK: Big Bay Airport"
BIC,"- Big Creek, AK: Big Creek Airport"
BIG,"- Big Delta, AK: Allen AAF"
BGQ,"- Big Lake, AK: Big Lake Airport"
BMX,"- Big Mountain, AK: Big Mountain AFS"
PWR,"- Big Port Walter, AK: Big and Little Port Walter"
A85,"- Big River, AK: Big River Airport"
BIL,"- Billings, MT: Billings Logan International"
BIX,"- Biloxi, MS: Keesler AFB"
BGM,"- Binghamton, NY: Greater Binghamton/Edwin A. Link Field"
KBC,"- Birch Creek, AK: Birch Creek Airport"
BHM,"- Birmingham, AL: Birmingham-Shuttlesworth International"
BIS,"- Bismarck/Mandan, ND: Bismarck Municipal"
BYW,"- Blakely Island, WA: Blakely Island Airport"
BID,"- Block Island, RI: Block Island State"
BMG,"- Bloomington, IN: Monroe County"
BMI,"- Bloomington/Normal, IL: Central Il Regional Airport at Bloomington"
BFB,"- Blue Fox Bay, AK: Blue Fox Bay Airport"
BYH,"- Blytheville, AR: Arkansas International"
BCT,"- Boca Raton, FL: Boca Raton Public"
BOI,"- Boise, ID: Boise Air Terminal"
RLU,"- Bornite/Ruby Creek, AK: Bornite Upper"
BXS,"- Borrego Springs, CA: Borrego Valley"
BLD,"- Boulder City, NV: Boulder City Municipal"
BYA,"- Boundary, AK: Boundary Airport"
BWG,"- Bowling Green, KY: Bowling Green-Warren County Regional"
BZN,"- Bozeman, MT: Bozeman Yellowstone International"
BFD,"- Bradford, PA: Bradford Regional"
A23,"- Bradley Lake, AK: Bradley Lake Airport"
BRD,"- Brainerd, MN: Brainerd Lakes Regional"
BKG,"- Branson, MO: Branson Airport"
BWC,"- Brawley, CA: Brawley Municipal"
PWT,"- Bremerton, WA: Bremerton National"
KTS,"- Brevig Mission, AK: Brevig Mission Airport"
BDR,"- Bridgeport, CT: Igor I Sikorsky Memorial"
TRI,"- Bristol/Johnson City/Kingsport, TN: Tri Cities"
BKX,"- Brookings, SD: Brookings Regional"
RBH,"- Brooks Lodge, AK: Brooks Lodge Airport"
BRO,"- Brownsville, TX: Brownsville South Padre Island International"
BWD,"- Brownwood, TX: Brownwood Regional"
BQK,"- Brunswick, GA: Brunswick Golden Isles"
BCE,"- Bryce Canyon, UT: Bryce Canyon Airport"
BKC,"- Buckland, AK: Buckland Airport"
BUF,"- Buffalo, NY: Buffalo Niagara International"
IFP,"- Bullhead City, AZ: Laughlin/Bullhead International"
BUR,"- Burbank, CA: Bob Hope"
BRL,"- Burlington, IA: Southeast Iowa Regional"
BTV,"- Burlington, VT: Burlington International"
MVW,"- Burlington/Mount Vernon, WA: Skagit Regional"
BNO,"- Burns, OR: Burns Municipal"
BTM,"- Butte, MT: Bert Mooney"
UXI,"- Calder Bay, AK: Calder Bay Airport"
CDW,"- Caldwell, NJ: Essex County"
C01,"- Camarillo, CA: Camarillo Airport"
ADW,"- Camp Springs, MD: Joint Base Andrews"
CDL,"- Candle, AK: Candle 2"
CGI,"- Cape Girardeau, MO: Cape Girardeau Regional"
LUR,"- Cape Lisburne, AK: Cape Lisburne LRRS"
EHM,"- Cape Newenham, AK: Cape Newenham LRRS"
CZF,"- Cape Romanzof, AK: Cape Romanzof LRRS"
A61,"- Cape Sarichef, AK: Cape Sarichef Airport"
A40,"- Cape Simpson, AK: Cape Simpson Airport"
CYT,"- Cape Yakataga, AK: Yakataga"
MDH,"- Carbondale, IL: Southern Illinois"
CLD,"- Carlsbad, CA: McClellan-Palomar"
CNM,"- Carlsbad, NM: Cavern City Air Terminal"
A87,"- Carry Inlet, AK: Carry Inlet Airport"
CPR,"- Casper, WY: Casper/Natrona County International"
CDC,"- Cedar City, UT: Cedar City Regional"
CID,"- Cedar Rapids/Iowa City, IA: The Eastern Iowa"
JRV,"- Ceiba, PR: Jose Aponte de la Torre"
NRR,"- Ceiba, PR: Roosevelt Roads NAS"
CEM,"- Central, AK: Central Airport"
CDR,"- Chadron, NE: Chadron Municipal"
CIK,"- Chalkyitsik, AK: Chalkyitsik Airport"
CMI,"- Champaign/Urbana, IL: University of Illinois/Willard"
WCR,"- Chandalar, AK: Chandalar Lake"
CHS,"- Charleston, SC: Charleston AFB/International"
CRW,"- Charleston/Dunbar, WV: Yeager"
SPB,"- Charlotte Amalie, VI: Charlotte Amalie Harbor Seaplane Base"
STT,"- Charlotte Amalie, VI: Cyril E King"
CHO,"- Charlottesville, VA: Charlottesville Albemarle"
CYM,"- Chatham, AK: Chatham Airport"
UBF,"- Chatham, MA: Chatham Municipal"
CHA,"- Chattanooga, TN: Lovell Field"
CYF,"- Chefornak, AK: Chefornak Airport"
WA7,"- Chelan, WA: Chelan Seaplane Landing"
CEX,"- Chena Hot Springs, AK: Chena Hot Springs Airport"
EGA,"- Chenega, AK: Chenega Airport"
NCN,"- Chenega, AK: Chenega Bay"
KCN,"- Chernofski, AK: Chernofski Harbor"
VAK,"- Chevak, AK: Chevak Airport"
CYS,"- Cheyenne, WY: Cheyenne Regional/Jerry Olson Field"
PWK,"- Chicago, IL: Chicago Executive"
DPA,"- Chicago, IL: Du Page County"
LOT,"- Chicago/Romeoville, IL: Lewis University"
CKX,"- Chicken, AK: Chicken Airport"
CIC,"- Chico, CA: Chico Municipal"
CEF,"- Chicopee Falls, MA: Westover ARB Metropolitan"
KCG,"- Chignik Bay, AK: Chignik Bay Airport"
KCL,"- Chignik Lagoon, AK: Chignik Lagoon Airport"
WQZ,"- Chignik Lake, AK: Chignik Lake Airport"
KCQ,"- Chignik, AK: Chignik Lake"
CZN,"- Chisana, AK: Chisana Airport"
CIV,"- Chomley, AK: Chomley Airport"
ZXH,"- Chomondely Sound, AK: Chomondely Sound Airport"
SSB,"- Christiansted, VI: Christiansted Harbor Seaplane Base"
STX,"- Christiansted, VI: Henry E. Rohlsen"
CHU,"- Chuathbaluk, AK: Chuathbaluk Airport"
LUK,"- Cincinnati, OH: Cincinnati Municipal Lunken Field"
CVG,"- Cincinnati, OH: Cincinnati/Northern Kentucky International"
OQC,"- Cinder River Lodge, AK: Cinder River Lodge Airport"
A12,"- Cinnabar, AK: Cinnabar Airport"
CHP,"- Circle Hot Springs, AK: Circle Hot Springs Airport"
IRC,"- Circle, AK: Circle City"
CLP,"- Clarks Point, AK: Clarks Point Airport"
CKB,"- Clarksburg/Fairmont, WV: North Central West Virginia"
BKL,"- Cleveland, OH: Burke Lakefront"
CLE,"- Cleveland, OH: Cleveland-Hopkins International"
CGF,"- Cleveland, OH: Cuyahoga County"
CFT,"- Clifton, AZ: Greenlee County"
CLK,"- Clinton, OK: Clinton Regional"
ZXN,"- Clover Bay, AK: Clover Bay Airport"
CVN,"- Clovis, NM: Clovis Municipal"
ZXI,"- Coal Bay, AK: Coal Bay Airport"
OOB,"- Cobol, AK: Cobol Alaska/Scaled/"
COD,"- Cody, WY: Yellowstone Regional"
CFA,"- Coffee Point, AK: Coffee Point Airport"
KCC,"- Coffman Cove, AK: Coffman Cove Seaplane Base"
A69,"- Cold Bay, AK: Cathedral Strip"
CDB,"- Cold Bay, AK: Cold Bay Airport"
CXF,"- Coldfoot, AK: Coldfoot Airport"
CLL,"- College Station/Bryan, TX: Easterwood Field"
KCR,"- Colorado Creek, AK: Colorado Creek Airport"
COS,"- Colorado Springs, CO: City of Colorado Springs Municipal"
COA,"- Columbia, CA: Columbia Airport"
COU,"- Columbia, MO: Columbia Regional"
CAE,"- Columbia, SC: Columbia Metropolitan"
CSG,"- Columbus, GA: Columbus Airport"
CBM,"- Columbus, MS: Columbus AFB"
GTR,"- Columbus, MS: Golden Triangle Regional"
CMH,"- Columbus, OH: John Glenn Columbus International"
OSU,"- Columbus, OH: Ohio State University"
LCK,"- Columbus, OH: Rickenbacker International"
CCR,"- Concord, CA: Buchanan Field"
USA,"- Concord, NC: Concord Padgett Regional"
JLA,"- Cooper Lodge, AK: Quartz Creek"
CKU,"- Cordova, AK: Cordova Municipal"
CDV,"- Cordova, AK: Merle K Mudhole Smith"
CBA,"- Corner Bay, AK: Corner Bay Airport"
CRP,"- Corpus Christi, TX: Corpus Christi International"
CEZ,"- Cortez, CO: Cortez Municipal"
CVO,"- Corvallis, OR: Corvallis Municipal"
CIL,"- Council, AK: Council Airport"
CGA,"- Craig, AK: Craig Seaplane Base"
CEC,"- Crescent City, CA: Jack McNamara Field"
CKD,"- Crooked Creek, AK: Crooked Creek Airport"
CUW,"- Cube Cove, AK: Cube Cove Airport"
CPX,"- Culebra, PR: Benjamin Rivera Noriega"
CBE,"- Cumberland, MD: Greater Cumberland Regional"
DCK,"- Dahl Creek, AK: Dahl Creek Airport"
ADS,"- Dallas, TX: Addison"
DAL,"- Dallas, TX: Dallas Love Field"
RBD,"- Dallas/Fort Worth, TX: Dallas Executive"
AFW,"- Dallas/Fort Worth, TX: Fort Worth Alliance"
FTW,"- Dallas/Fort Worth, TX: Fort Worth Meacham International"
DGB,"- Danger Bay, AK: Danger Bay Airport"
DAN,"- Danville, VA: Danville Regional"
WQW,"- David River, AK: David River Airport"
MGY,"- Dayton, OH: Dayton-Wright Brothers"
DAY,"- Dayton, OH: James M Cox/Dayton International"
DAB,"- Daytona Beach, FL: Daytona Beach International"
AA8,"- Deadhorse, AK: Badami"
SCC,"- Deadhorse, AK: Deadhorse Airport"
FVZ,"- Deadhorse, AK: Inigok"
A02,"- Deadmans Bay, AK: Deadmans Bay Airport"
DTH,"- Death Valley, CA: Furnace Creek"
DTR,"- Decatur Island, WA: Decatur"
DCU,"- Decatur, AL: Pryor Field Regional"
DEC,"- Decatur, IL: Decatur Airport"
XXV,"- Decatur, WA: Decatur Shores"
A36,"- Deep Bay, AK: Deep Bay Airport"
DHB,"- Deer Harbor, WA: Deer Harbor Marina"
2AK,"- Deer Park, AK: Deer Park Airport"
DRG,"- Deering, AK: Deering Airport"
DRT,"- Del Rio, TX: Del Rio International"
DLF,"- Del Rio, TX: Laughlin AFB"
DJN,"- Delta Junction, AK: Delta Junction Airport"
DMN,"- Deming, NM: Deming Municipal"
DTO,"- Denton, TX: Denton Enterprise"
APA,"- Denver, CO: Centennial"
FTG,"- Denver, CO: Colorado Air and Space Port"
DSM,"- Des Moines, IA: Des Moines International"
DSI,"- Destin, FL: Destin Executive"
DTL,"- Detroit Lakes, MN: Detroit Lakes-Wething Field"
DET,"- Detroit, MI: Coleman A. Young Municipal"
DTT,"- Detroit, MI: Detroit Metropolitan Area"
YIP,"- Detroit, MI: Willow Run"
DVL,"- Devils Lake, ND: Devils Lake Regional"
DIK,"- Dickinson, ND: Dickinson - Theodore Roosevelt Regional"
DLG,"- Dillingham, AK: Dillingham Airport"
DIO,"- Diomede Island, AK: Diomede Heliport"
DDC,"- Dodge City, KS: Dodge City Regional"
FVQ,"- Donlin Creek Mine, AK: Donlin Creek Mine Airport"
DOF,"- Dora Bay, AK: Dora Bay Airport"
DHN,"- Dothan, AL: Dothan Regional"
DOV,"- Dover, DE: Dover AFB"
DRF,"- Drift River, AK: Drift River Airport"
A22,"- Driftwood Bay, AK: Driftwood Bay Airport"
FQQ,"- Dry Bay, AK: Dry Bay Airport"
DUJ,"- DuBois, PA: DuBois Regional"
DBQ,"- Dubuque, IA: Dubuque Regional"
DLH,"- Duluth, MN: Duluth International"
A4K,"- Dune Lake, AK: Dune Lake Airport"
AMK,"- Durango, CO: Animas Air Park"
DRO,"- Durango, CO: Durango La Plata County"
A99,"- Eagle Creek, AK: Eagle Creek Airport"
EHR,"- Eagle Harbor, AK: Eagle Harbor Airport"
EAA,"- Eagle, AK: Eagle Airport"
EGE,"- Eagle, CO: Eagle County Regional"
FRG,"- East Farmingdale, NY: Republic"
HTO,"- East Hampton, NY: East Hampton Airport"
GA0,"- Eastman, GA: Heart of Georgia Regional"
ESN,"- Easton, MD: Easton/Newnam Field"
ESD,"- Eastsound, WA: Orcas Island"
EAU,"- Eau Claire, WI: Chippewa Valley Regional"
EDA,"- Edna Bay, AK: Edna Bay Airport"
EDW,"- Edwards, CA: Edwards AFB"
EEK,"- Eek, AK: Eek Airport"
EGX,"- Egegik, AK: Egegik Airport"
KKU,"- Ekuk, AK: Ekuk Airport"
KEK,"- Ekwok, AK: Ekwok Airport"
ZXO,"- El Capitan, AK: El Capitan Peak"
IPL,"- El Centro, CA: Imperial County"
ELD,"- El Dorado, AR: South Arkansas Regional at Goodwin Field"
BIF,"- El Paso, TX: Biggs AAF"
ELP,"- El Paso, TX: El Paso International"
ELV,"- Elfin Cove, AK: Elfin Cove Seaplane Base"
ELI,"- Elim, AK: Elim Airport"
EKO,"- Elko, NV: Elko Regional"
ELM,"- Elmira/Corning, NY: Elmira/Corning Regional"
LYU,"- Ely, MN: Ely Municipal"
ELY,"- Ely, NV: Ely Airport/Yelland Field"
EMK,"- Emmonak, AK: Emmonak Airport"
WDG,"- Enid, OK: Enid Woodring Regional"
ERI,"- Erie, PA: Erie International/Tom Ridge Field"
ESC,"- Escanaba, MI: Delta County"
EUG,"- Eugene, OR: Mahlon Sweet Field"
EVV,"- Evansville, IN: Evansville Regional"
EVM,"- Eveleth, MN: Eveleth Virginia Municipal"
PAE,"- Everett, WA: Snohomish County"
EXI,"- Excursion Inlet, AK: Excursion Inlet Seaplane Base"
EIL,"- Fairbanks, AK: Eielson AFB"
FAI,"- Fairbanks, AK: Fairbanks International"
FBK,"- Fairbanks, AK: Ladd AAF"
A01,"- Fairbanks/Ft. Wainwright, AK: Blair Lake"
A6K,"- Fairbanks1, AK: Van Curlers Sandbar"
SUU,"- Fairfield, CA: Travis AFB"
FAJ,"- Fajardo, PR: Diego Jimenez Torres"
KFP,"- False Pass, AK: False Pass Airport"
FWL,"- Farewell, AK: Farewell Airport"
FAR,"- Fargo, ND: Hector International"
FMN,"- Farmington, NM: Four Corners Regional"
FYV,"- Fayetteville, AR: Drake Field"
XNA,"- Fayetteville, AR: Northwest Arkansas Regional"
FAY,"- Fayetteville, NC: Fayetteville Regional/Grannis Field"
POB,"- Fayetteville, NC: Pope AAF"
FFM,"- Fergus Falls, MN: Fergus Falls Municipal-Einar Mickelson Field"
FIC,"- Fire Cove, AK: Fire Cove Airport"
FAQ,"- Fitiuta Village, TT: Fitiuta"
FLG,"- Flagstaff, AZ: Flagstaff Pulliam"
FLT,"- Flat, AK: Flat Airport"
FNT,"- Flint, MI: Bishop International"
FLO,"- Florence, SC: Florence Regional"
FNL,"- Fort Collins/Loveland, CO: Northern Colorado Regional"
WRI,"- Fort Dix, NJ: McGuire Field"
FOD,"- Fort Dodge, IA: Fort Dodge Regional"
FQW,"- Fort Glenn, AK: Fort Glenn Airport"
FHU,"- Fort Huachuca, AZ: Sierra Vista Municipal-Libby AAF"
FXE,"- Fort Lauderdale, FL: Fort Lauderdale Executive"
TBN,"- Fort Leonard Wood, MO: Waynesville-St. Robert Regional Forney Field"
RSW,"- Fort Myers, FL: Southwest Florida International"
FPR,"- Fort Pierce, FL: Treasure Coast International"
FSI,"- Fort Sill, OK: Henry Post AAF"
FSM,"- Fort Smith, AR: Fort Smith Regional"
FWA,"- Fort Wayne, IN: Fort Wayne International"
FWH,"- Fort Worth, TX: Fort Worth NAS JRB/Carswell Field"
FYU,"- Fort Yukon, AK: Fort Yukon Airport"
FKL,"- Franklin/Oil City, PA: Venango Regional"
VZE,"- Frazer Lake, AK: Frazer Lake Airport"
FAT,"- Fresno, CA: Fresno Yosemite International"
FRD,"- Friday Harbor, WA: Friday Harbor Airport"
FBS,"- Friday Harbor, WA: Friday Harbor Seaplane Base"
FNR,"- Funter Bay Alaska, AK: Funter Bay"
GNV,"- Gainesville, FL: Gainesville Regional"
GVL,"- Gainesville, GA: Lee Gilmer Memorial"
GBH,"- Galbraith Lake, AK: Galbraith Lake Airport"
GAL,"- Galena, AK: Edward G. Pitka Sr."
GUP,"- Gallup, NM: Gallup Municipal"
GAM,"- Gambell, AK: Gambell Airport"
GEK,"- Ganes Creek, AK: Ganes Creek Airport"
GCK,"- Garden City, KS: Garden City Regional"
GYY,"- Gary, IN: Gary/Chicago International"
GTU,"- Georgetown, TX: Georgetown Municipal"
GCC,"- Gillette, WY: Gillette Campbell County"
AQY,"- Girdwood, AK: Girdwood Airport"
GGW,"- Glasgow, MT: Wokal Field Glasgow Valley County"
AZ3,"- Glendale, AZ: Glendale Municipal"
GDV,"- Glendive, MT: Dawson Community"
GFL,"- Glens Falls, NY: Floyd Bennett Memorial"
AK6,"- Gold King 2, AK: Gold King 2 Airport"
FVW,"- Golden Creek Mine, AK: Golden Creek Mine Airport"
GLV,"- Golovin, AK: Golovin Airport"
GNU,"- Goodnews Bay, AK: Goodnews"
GYR,"- Goodyear, AZ: Phoenix Goodyear"
FVX,"- Grace Harbor, AK: Grace Harbor Airport"
JGC,"- Grand Canyon, AZ: Grand Canyon Heliport"
GCN,"- Grand Canyon, AZ: Grand Canyon National Park"
AZ1,"- Grand Canyon, AZ: Valle"
GFK,"- Grand Forks, ND: Grand Forks International"
GRI,"- Grand Island, NE: Central Nebraska Regional"
GJT,"- Grand Junction, CO: Grand Junction Regional"
GRR,"- Grand Rapids, MI: Gerald R. Ford International"
GPZ,"- Grand Rapids, MN: Grand Rapids/Itasca County-Gordon Newstrom Field"
VWZ,"- Granite Creek Mine, AK: Granite Creek Mine Airport"
GMT,"- Granite Mountain, AK: Granite Mountain AS"
KGX,"- Grayling, AK: Grayling Airport"
GBD,"- Great Bend, KS: Great Bend Municipal"
GTF,"- Great Falls, MT: Great Falls International"
RYE,"- Greeley, CO: Weld County Municipal"
GRB,"- Green Bay, WI: Green Bay Austin Straubel International"
GSO,"- Greensboro/High Point, NC: Piedmont Triad International"
GLH,"- Greenville, MS: Greenville Mid Delta"
PGV,"- Greenville, NC: Pitt Greenville"
GVT,"- Greenville, TX: Majors"
GWO,"- Greenwood, MS: Greenwood/Leflore"
GSP,"- Greer, SC: Greenville-Spartanburg International"
UAM,"- Guam, TT: Andersen AFB"
GUM,"- Guam, TT: Guam International"
GUF,"- Gulf Shores, AL: Jack Edwards National"
GPT,"- Gulfport/Biloxi, MS: Gulfport-Biloxi International"
GKN,"- Gulkana, AK: Gulkana Airport"
GUC,"- Gunnison, CO: Gunnison-Crested Butte Regional"
GST,"- Gustavus, AK: Gustavus Airport"
HGR,"- Hagerstown, MD: Hagerstown Regional-Richard A. Henson Field"
HNS,"- Haines, AK: Haines Airport"
A03,"- Hallo Bay, AK: Hallo Bay Airport"
HNM,"- Hana, HI: Hana Airport"
CMX,"- Hancock/Houghton, MI: Houghton County Memorial"
VWD,"- Hanford, CA: Hanford Municipal"
ZXJ,"- Happy Harbour, AK: Happy Harbour Airport"
HRL,"- Harlingen/San Benito, TX: Valley International"
MDT,"- Harrisburg, PA: Harrisburg International"
HRO,"- Harrison, AR: Boone County"
BDL,"- Hartford, CT: Bradley International"
PIB,"- Hattiesburg/Laurel, MS: Hattiesburg-Laurel Regional"
HVR,"- Havre, MT: Havre City-County"
HWI,"- Hawk Inlet, AK: Hawk Inlet Airport"
HHR,"- Hawthorne, CA: Jack Northrop Field/Hawthorne Municipal"
HDN,"- Hayden, CO: Yampa Valley"
HYS,"- Hays, KS: Hays Regional"
HKB,"- Healy, AK: Healy River"
HLN,"- Helena, MT: Helena Regional"
T2X,"- Hereford, TX: Hereford Municipal"
HES,"- Hermiston, OR: Hermiston Municipal"
HIB,"- Hibbing, MN: Range Regional"
HKY,"- Hickory, NC: Hickory Regional"
HIO,"- Hillsboro, OR: Portland Hillsboro"
ITO,"- Hilo, HI: Hilo International"
HHH,"- Hilton Head, SC: Hilton Head Airport"
HBH,"- Hobart Bay, AK: Hobart Bay Airport"
HOB,"- Hobbs, NM: Lea County Regional"
HGZ,"- Hogatza, AK: Hogatza Airport"
HOL,"- Holikachuk, AK: Holikachuk Airport"
HYL,"- Hollis, AK: Hollis Seaplane Base"
HCR,"- Holy Cross, AK: Holy Cross Airport"
HOM,"- Homer, AK: Homer Airport"
HST,"- Homestead, FL: Homestead ARB"
VWX,"- Hondo, TX: South Texas Regional at Hondo"
MKK,"- Hoolehua, HI: Molokai"
HNH,"- Hoonah, AK: Hoonah Airport"
HPB,"- Hooper Bay, AK: Hooper Bay Airport"
HOP,"- Hopkinsville, KY: Campbell AAF"
HOT,"- Hot Springs, AR: Memorial Field"
DWH,"- Houston, TX: David Wayne Hooks Memorial"
EFD,"- Houston, TX: Ellington"
HOU,"- Houston, TX: William P Hobby"
HUS,"- Hughes, AK: Hughes Airport"
HSV,"- Huntsville, AL: Huntsville International-Carl T Jones Field"
HON,"- Huron, SD: Huron Regional"
HSL,"- Huslia, AK: Huslia Airport"
HUT,"- Hutchinson, KS: Hutchinson Regional"
HYA,"- Hyannis, MA: Barnstable Municipal-Boardman/Polando Field"
HYG,"- Hydaburg, AK: Hydaburg Seaplane Base"
WHD,"- Hyder, AK: Hyder Seaplane Base"
ICY,"- Icy Bay, AK: Icy Bay Airport"
IDA,"- Idaho Falls, ID: Idaho Falls Regional"
IGG,"- Igiugig, AK: Igiugig Airport"
ILI,"- Iliamna, AK: Iliamna Airport"
ZXF,"- Illinois Creek, AK: Illinois Creek Airport"
IND,"- Indianapolis, IN: Indianapolis International"
MQJ,"- Indianapolis, IN: Indianapolis Regional"
INL,"- International Falls, MN: Falls International Einarson Field"
A57,"- International Seafoods, AK: International Seafoods Airport"
IYK,"- Inyokern, CA: Inyokern Airport"
IMT,"- Iron Mountain/Kingsfd, MI: Ford"
IWD,"- Ironwood, MI: Gogebic-Iron County"
ISP,"- Islip, NY: Long Island MacArthur"
SAW,"- Istanbul, Turkey: Sabiha Gokcen"
ITH,"- Ithaca/Cortland, NY: Ithaca Tompkins Regional"
KIB,"- Ivanof Bay, AK: Ivanof Bay Seaplane Base"
A59,"- Ivatuk, AK: Ivatuk Airport"
A26,"- Ivotuk, AK: Ivotuk Airstrip"
MKL,"- Jackson, TN: McKellar-Sipes Regional"
JAC,"- Jackson, WY: Jackson Hole"
JAN,"- Jackson/Vicksburg, MS: Jackson Medgar Wiley Evers International"
VQQ,"- Jacksonville, FL: Cecil"
JAX,"- Jacksonville, FL: Jacksonville International"
NIP,"- Jacksonville, FL: Jacksonville NAS"
OAJ,"- Jacksonville/Camp Lejeune, NC: Albert J Ellis"
JMS,"- Jamestown, ND: Jamestown Regional"
JHW,"- Jamestown, NY: Chautauqua County/Jamestown"
VZM,"- Jensens Strip, AK: Jensens Strip Airport"
JON,"- Johnston Island, TT: Johnston Atoll"
JST,"- Johnstown, PA: John Murtha Johnstown-Cambria County"
JBR,"- Jonesboro, AR: Jonesboro Municipal"
JLN,"- Joplin, MO: Joplin Regional"
JNU,"- Juneau, AK: Juneau International"
OGG,"- Kahului, HI: Kahului Airport"
KAE,"- Kake, AK: Kake Seaplane Base"
A37,"- Kako, AK: Kako Airport"
A35,"- Kaktovik, AK: Bullen Point AFS"
KKK,"- Kalakaket, AK: Kalakaket Creek AS"
AZO,"- Kalamazoo, MI: Kalamazoo/Battle Creek International"
LUP,"- Kalaupapa, HI: Kalaupapa Airport"
FCA,"- Kalispell, MT: Glacier Park International"
KLG,"- Kalskag, AK: Kalskag Airport"
KAL,"- Kaltag, AK: Kaltag Airport"
MUE,"- Kamuela, HI: Waimea-Kohala"
KNB,"- Kanab, UT: Kanab Municipal"
MKC,"- Kansas City, MO: Charles B. Wheeler Downtown"
MCI,"- Kansas City, MO: Kansas City International"
JHM,"- Kapalua, HI: Kapalua Airport"
JRF,"- Kapolei, HI: Kalaeloa"
KKL,"- Karluk Lake, AK: Karluk Lake Seaplane Base"
A65,"- Karluk Portage, AK: Karluk Portage Airport"
KYK,"- Karluk, AK: Karluk Airport"
KXA,"- Kasaan, AK: Kasaan Seaplane Base"
KUK,"- Kasigluk, AK: Kasigluk Airport"
VZR,"- Katmai Bay, AK: Katmai Bay Airport"
VZY,"- Katmai Lodge, AK: Katmai Lodge Airport"
FQD,"- Katmai National Park, AK: Trident Volcano"
VIK,"- Kavik River, AK: Kavik River Airport"
MVM,"- Kayenta, AZ: Kayenta Airport"
EAR,"- Kearney, NE: Kearney Regional"
EEN,"- Keene, NH: Dillant Hopkins"
ENA,"- Kenai, AK: Kenai Municipal"
KEH,"- Kenmore, WA: Kenmore Air Harbor"
KTN,"- Ketchikan, AK: Ketchikan International"
WFB,"- Ketchikan, AK: Ketchikan Waterfront Seaplane Base"
DQU,"- Ketchikan, AK: Neets Bay"
EYW,"- Key West, FL: Key West International"
NQX,"- Key West, FL: Key West NAS"
QQB,"- Keyes Point, AK: Keyes Point Airport"
IAN,"- Kiana, AK: Bob Baker Memorial"
GRK,"- Killeen, TX: Robert Gray AAF"
ILE,"- Killeen, TX: Skylark Field"
A29,"- Kiluda Bay, AK: Kiluda Bay Airport"
KVC,"- King Cove, AK: King Cove Airport"
AKN,"- King Salmon, AK: King Salmon Airport"
IGM,"- Kingman, AZ: Kingman Airport"
ISO,"- Kinston, NC: Kinston Regional Jetport at Stallings Field"
KPN,"- Kipnuk, AK: Kipnuk Airport"
IRK,"- Kirksville, MO: Kirksville Regional"
KKB,"- Kitoi Bay, AK: Kitoi Bay Airport"
KVL,"- Kivalina, AK: Kivalina Airport"
KZH,"- Kizhuyak, AK: Kizhuyak Airport"
06A,"- Kizhuyak, AK: Kizhuyak Bay"
LMT,"- Klamath Falls, OR: Crater Lake Klamath Regional"
KLW,"- Klawock, AK: Klawock Airport"
SZL,"- Knob Noster, MO: Whiteman AFB"
TYS,"- Knoxville, TN: McGhee Tyson"
OBU,"- Kobuk, AK: Kobuk Airport"
A43,"- Kodiak Island, AK: Trident Basin Seaplane Base"
ADQ,"- Kodiak, AK: Kodiak Airport"
KDK,"- Kodiak, AK: Kodiak Municipal"
A41,"- Kogru River, AK: Kogru River Airport"
KNK,"- Kokhanok, AK: Kokhanok Airport"
KGK,"- Koliganek, AK: Koliganek Airport"
KOA,"- Kona, HI: Ellison Onizuka Kona International at Keahole"
KKH,"- Kongiganak, AK: Kongiganak Airport"
KOT,"- Kotlik, AK: Kotlik Airport"
OTZ,"- Kotzebue, AK: Ralph Wien Memorial"
KKA,"- Koyuk, AK: Koyuk Alfred Adams"
KYU,"- Koyukuk, AK: Koyukuk Airport"
LKK,"- Kulik Lake, AK: Kulik Lake Airport"
UUK,"- Kuparuk, AK: North Kuparuk"
KWT,"- Kwethluk, AK: Kwethluk Airport"
KWK,"- Kwigillingok, AK: Kwigillingok Airport"
LSE,"- La Crosse, WI: La Crosse Regional"
LAF,"- Lafayette, IN: Purdue University"
LFT,"- Lafayette, LA: Lafayette Regional Paul Fournet Field"
CWF,"- Lake Charles, LA: Chennault International"
LCH,"- Lake Charles, LA: Lake Charles Regional"
HII,"- Lake Havasu City, AZ: Lake Havasu City Airport"
LMA,"- Lake Minchumina, AK: Lake Minchumina Airport"
TVL,"- Lake Tahoe, CA: Lake Tahoe Airport"
LAL,"- Lakeland, FL: Lakeland Linder International"
LNY,"- Lanai, HI: Lanai Airport"
ZXK,"- Lancaster Cove, AK: Lancaster Cove Airport"
WJF,"- Lancaster, CA: General William J. Fox Airfield"
LNS,"- Lancaster, PA: Lancaster Airport"
LAN,"- Lansing, MI: Capital Region International"
LAR,"- Laramie, WY: Laramie Regional"
LRD,"- Laredo, TX: Laredo International"
KLN,"- Larsen Bay, AK: Larsen Bay Airport"
HSH,"- Las Vegas, NV: Henderson Executive"
LSV,"- Las Vegas, NV: Nellis AFB"
VGT,"- Las Vegas, NV: North Las Vegas"
LBE,"- Latrobe, PA: Arnold Palmer Regional"
LZU,"- Lawrenceville, GA: Gwinnett County - Briscoe Field"
LAW,"- Lawton/Fort Sill, OK: Lawton-Fort Sill Regional"
ALZ,"- Lazy Bay, AK: Alitak Seaplane Base"
LEB,"- Lebanon-Hanover, NH: Lebanon Municipal"
VA4,"- Leesburg, VA: Leesburg Executive"
KLL,"- Levelock, AK: Levelock Airport"
LWB,"- Lewisburg, WV: Greenbrier Valley"
LWS,"- Lewiston, ID: Lewiston Nez Perce County"
LEW,"- Lewiston/Auburn, ME: Auburn Lewiston Municipal"
LWT,"- Lewistown, MT: Lewistown Municipal"
LEX,"- Lexington, KY: Blue Grass"
LBL,"- Liberal, KS: Liberal Mid-America Regional"
LIH,"- Lihue, HI: Lihue Airport"
UXA,"- Lik Camp, AK: Lik Camp Airport"
LVD,"- Lime Village, AK: Lime Village Airport"
LNK,"- Lincoln, NE: Lincoln Airport"
LIT,"- Little Rock, AR: Bill and Hillary Clinton Nat Adams Field"
05A,"- Little Squaw, AK: Little Squaw Airport"
LGU,"- Logan, UT: Logan Cache"
LNI,"- Lonely, AK: Lonely AS"
LGB,"- Long Beach, CA: Long Beach Airport"
LIJ,"- Long Island, AK: Long Island Airport"
GGG,"- Longview, TX: East Texas Regional"
LPS,"- Lopez Island, WA: Lopez Island Airport"
LPR,"- Lorain/Elyria, OH: Lorain County Regional"
LAM,"- Los Alamos, NM: Los Alamos Airport"
SDF,"- Louisville, KY: Louisville Muhammad Ali International"
LBB,"- Lubbock, TX: Lubbock Preston Smith International"
LYH,"- Lynchburg, VA: Lynchburg Regional/Preston Glenn Field"
MCN,"- Macon, GA: Middle Georgia Regional"
MSN,"- Madison, WI: Dane County Regional-Truax Field"
A75,"- Malina Bay, AK: Malina Bay Airport"
MMH,"- Mammoth Lakes, CA: Mammoth Lakes Airport"
MNZ,"- Manassas, VA: Manassas Regional/Harry P. Davis Field"
MHT,"- Manchester, NH: Manchester-Boston Regional"
MHK,"- Manhattan/Ft. Riley, KS: Manhattan Regional"
MBL,"- Manistee/Ludington, MI: Manistee County-Blacker"
MKT,"- Mankato, MN: Mankato Regional"
MLY,"- Manley Hot Springs, AK: Manley Hot Springs Airport"
KMO,"- Manokotak, AK: Manokatak Seaplane Base"
QMN,"- Mansfield, MA: Mansfield Municipal"
MZJ,"- Marana, AZ: Pinal Airpark"
MTH,"- Marathon, FL: The Florida Keys Marathon International"
MYH,"- Marble Canyon, AZ: Cliff Dwellers"
MWA,"- Marion/Herrin, IL: Veterans Airport of Southern Illinois"
MQT,"- Marquette, MI: Sawyer International"
MLL,"- Marshall, AK: Marshall Don Hunter Sr."
MVY,"- Martha's Vineyard, MA: Martha's Vineyard Airport"
MCW,"- Mason City, IA: Mason City Municipal"
MSS,"- Massena, NY: Massena International-Richards Field"
MYK,"- May Creek, AK: May Creek Airport"
MAZ,"- Mayaguez, PR: Eugenio Maria de Hostos"
MYL,"- McCall, ID: McCall Municipal"
MXY,"- McCarthy, AK: McCarthy Airport"
MCK,"- McCook, NE: McCook Ben Nelson Regional"
OQA,"- McDonald Lake, AK: McDonald Lake Airport"
MCG,"- McGrath, AK: McGrath Airport"
MCL,"- McKinley Park, AK: Denali"
MFR,"- Medford, OR: Rogue Valley International - Medford"
MDR,"- Medfra, AK: Medfra Airport"
MYU,"- Mekoryuk, AK: Mekoryuk Airport"
MLB,"- Melbourne, FL: Melbourne International"
OQL,"- Mels, AK: Mels Airport"
MEM,"- Memphis, TN: Memphis International"
XXX,"- Mena, AR: Mena Intermountain Municipal"
MCE,"- Merced, CA: Merced Regional/Macready Field"
MEI,"- Meridian, MS: Key Field"
OQM,"- Meshik, AK: Meshik Airport"
MFH,"- Mesquite, NV: Mesquite Airport"
MTM,"- Metlakatla, AK: Metlakatala"
WMK,"- Meyers Chuck, AK: Meyers Chuck Seaplane Base"
MPB,"- Miami, FL: Watson Island International"
6B0,"- Middlebury, VT: Middlebury State"
MDO,"- Middleton Island, AK: Middleton Island Airport"
MAF,"- Midland/Odessa, TX: Midland International Air and Space Port"
MDY,"- Midway Island, TT: Sand Island Field"
MLS,"- Miles City, MT: Frank Wiley Field"
NQA,"- Millington, TN: Millington Memphis"
MKE,"- Milwaukee, WI: General Mitchell International"
MHM,"- Minchumina, AK: Minchumina Airport"
MWL,"- Mineral Wells, TX: Mineral Wells Regional"
FCM,"- Minneapolis, MN: Flying Cloud"
STP,"- Minneapolis/St. Paul, MN: St. Paul Downtown Holman Field"
MIB,"- Minot, ND: Minot AFB"
MOT,"- Minot, ND: Minot International"
MNT,"- Minto, AK: Minto Al Wright"
MFE,"- Mission/McAllen/Edinburg, TX: McAllen Miller International"
MSO,"- Missoula, MT: Missoula International"
CNY,"- Moab, UT: Canyonlands Field"
BFM,"- Mobile, AL: Mobile Downtown"
MOB,"- Mobile, AL: Mobile Regional"
MOD,"- Modesto, CA: Modesto City-County-Harry Sham Field"
VZG,"- Moffet Bay, AK: Moffet Bay Airport"
MLI,"- Moline, IL: Quad City International"
MLU,"- Monroe, LA: Monroe Regional"
CO1,"- Monte Vista, CO: Monte Vista Municipal"
MRY,"- Monterey, CA: Monterey Regional"
MGM,"- Montgomery, AL: Montgomery Regional"
MTJ,"- Montrose/Delta, CO: Montrose Regional"
UXR,"- Monument Valley, UT: Monument Valley Airport"
MGW,"- Morgantown, WV: Morgantown Municipal-Walter L. Bill Hart Field"
MMU,"- Morristown, NJ: Morristown Municipal"
MVL,"- Morrisville, VT: Morrisville Stowe State"
KMY,"- Moser Bay, AK: Moser Bay Airport"
MWH,"- Moses Lake, WA: Grant County International"
MOS,"- Moses Point, AK: Moses Point Airport"
CWA,"- Mosinee, WI: Central Wisconsin"
MUO,"- Mountain Home, ID: Mountain Home AFB"
NUQ,"- Mountain View, CA: Moffett Federal Airfield"
MOU,"- Mountain Village, AK: Mountain Village Airport"
A13,"- Mountaintop Mine, AK: Mountaintop Mine Airport"
MSL,"- Muscle Shoals, AL: Northwest Alabama Regional"
VZC,"- Mush Bay, AK: Mush Bay Airport"
MKG,"- Muskegon, MI: Muskegon County"
MYR,"- Myrtle Beach, SC: Myrtle Beach International"
NNK,"- Naknek, AK: Naknek Airport"
WQR,"- Naknek, AK: Tibbetts"
AA2,"- Naknek-1, AK: Icicle Seafoods"
ACK,"- Nantucket, MA: Nantucket Memorial"
KEB,"- Nanwalek, AK: Nanwalek Airport"
APC,"- Napa, CA: Napa County"
WNA,"- Napakiak, AK: Napakiak Airport"
KPM,"- Napamute, AK: Napamute Airport"
PKA,"- Napaskiak, AK: Napaskiak Airport"
APF,"- Naples, FL: Naples Municipal"
BNA,"- Nashville, TN: Nashville International"
NKI,"- Naukiti, AK: Naukiti Airport"
NLG,"- Nelson Lagoon, AK: Nelson Lagoon Airport"
ENN,"- Nenana, AK: Nenana Municipal"
EWB,"- New Bedford/Fall River, MA: New Bedford Regional"
EWN,"- New Bern/Morehead/Beaufort, NC: Coastal Carolina Regional"
HVN,"- New Haven, CT: Tweed New Haven"
ARA,"- New Iberia, LA: Acadiana Regional"
GON,"- New London/Groton, CT: Groton-New London"
NEW,"- New Orleans, LA: Lakefront"
MSY,"- New Orleans, LA: Louis Armstrong New Orleans International"
DQN,"- New Smyrna Beach, FL: New Smyrna Beach Municipal"
KNW,"- New Stuyahok, AK: New Stuyahok Airport"
JRB,"- New York, NY: Downtown Manhattan/Wall Street Heliport"
TSS,"- New York, NY: East 34th Street Heliport"
NYC,"- New York, NY: New York City Metropolitan Area"
SWF,"- Newburgh/Poughkeepsie, NY: New York Stewart International"
LFI,"- Newport News/Hampton, VA: Langley AFB"
PHF,"- Newport News/Williamsburg, VA: Newport News/Williamsburg International"
ONP,"- Newport, OR: Newport Municipal"
NPT,"- Newport, RI: Newport State"
WWT,"- Newtok, AK: Newtok Airport"
EWK,"- Newton, KS: Newton City County"
IAG,"- Niagara Falls, NY: Niagara Falls International"
NME,"- Nightmute, AK: Nightmute Airport"
NIB,"- Nikolai, AK: Nikolai Airport"
IKO,"- Nikolski, AK: Nikolski AS"
NIN,"- Ninilchik, AK: Ninilchik Airport"
RQI,"- Nixon Fork Mine, AK: Nixon Fork Mine Airport"
WTK,"- Noatak, AK: Noatak Airport"
OME,"- Nome, AK: Nome Airport"
NNL,"- Nondalton, AK: Nondalton Airport"
ORV,"- Noorvik, AK: Robert/Bob/Curtis Memorial"
OFK,"- Norfolk, NE: Norfolk Regional/Karl Stefan Memorial Field"
ORF,"- Norfolk, VA: Norfolk International"
NGU,"- Norfolk, VA: Norfolk NS"
OTH,"- North Bend/Coos Bay, OR: Southwest Oregon Regional"
LBF,"- North Platte, NE: North Platte Regional Airport Lee Bird Field"
MA5,"- Northampton, MA: Northampton Airport"
OHC,"- Northeast Cape, AK: Northeast Cape AFS"
ORT,"- Northway, AK: Northway Airport"
OWD,"- Norwood, MA: Norwood Memorial"
NUI,"- Nuiqsut, AK: Nuiqsut Airport"
NUL,"- Nulato, AK: Nulato Airport"
NUP,"- Nunapitchuk, AK: Nunapitchuk Airport"
ZNC,"- Nyac, AK: Nyac Airport"
ODW,"- Oak Harbor, WA: A.J. Eisenberg"
OAK,"- Oakland, CA: Metropolitan Oakland International"
OCF,"- Ocala, FL: Ocala International-Jim Taylor Field"
OFU,"- Ofu, TT: Ofu Airport"
HIF,"- Ogden, UT: Hill AFB"
OGD,"- Ogden, UT: Ogden-Hinckley"
OGS,"- Ogdensburg, NY: Ogdensburg International"
OKC,"- Oklahoma City, OK: Will Rogers World"
OJC,"- Olathe, KS: Johnson County Executive"
JCI,"- Olathe, KS: New Century Aircenter"
OLH,"- Old Harbor, AK: Old Harbor Airport"
KOY,"- Olga Bay, AK: Olga Bay Seaplane Base"
XWS,"- Oliktok, AK: Oliktok LRRS"
OLV,"- Olive Branch, MS: Olive Branch Airport"
OLM,"- Olympia, WA: Olympia Regional"
OMA,"- Omaha, NE: Eppley Airfield"
ONN,"- Onion Bay, AK: Onion Bay Airport"
ONT,"- Ontario, CA: Ontario International"
OPH,"- Ophir, AK: Ophir Airport"
ORL,"- Orlando, FL: Executive"
ISM,"- Orlando, FL: Kissimmee Gateway"
OSH,"- Oshkosh, WI: Wittman Regional"
KOZ,"- Ouzinkie, AK: Ouzinkie Airport"
OWB,"- Owensboro, KY: Owensboro Daviess County Regional"
UOX,"- Oxford, MS: University-Oxford"
OXR,"- Oxnard/Ventura, CA: Oxnard"
PBK,"- Pack Creek, AK: Pack Creek Airport"
PAH,"- Paducah, KY: Barkley Regional"
PGA,"- Page, AZ: Page Municipal"
PPG,"- Pago Pago, TT: Pago Pago International"
PCE,"- Painter Creek, AK: Painter Creek Airport"
PSP,"- Palm Springs, CA: Palm Springs International"
PMD,"- Palmdale, CA: Palmdale USAF Plant 42"
PAQ,"- Palmer, AK: Warren Bud Woods Palmer Municipal"
PFN,"- Panama City, FL: Bay County"
ECP,"- Panama City, FL: Northwest Florida Beaches International"
PAM,"- Panama City, FL: Tyndall AFB"
PKD,"- Park Rapids, MN: Park Rapids Municipal-Konshok Field"
PKB,"- Parkersburg, WV: Mid-Ohio Valley Regional"
PSC,"- Pasco/Kennewick/Richland, WA: Tri Cities"
PRB,"- Paso Robles, CA: Paso Robles Municipal"
DQR,"- Peach Springs, AZ: Grand Canyon West"
1G4,"- Peach Springs, AZ: Grand Canyon West"
DQW,"- Peach Springs, AZ: Hualapai"
WQJ,"- Peard Bay, AK: Peard Bay Airport"
PDB,"- Pedro Bay, AK: Pedro Bay Airport"
PEC,"- Pelican, AK: Pelican Seaplane Base"
PLN,"- Pellston, MI: Pellston Regional Airport of Emmet County"
PDT,"- Pendleton, OR: Eastern Oregon Regional at Pendleton"
PNS,"- Pensacola, FL: Pensacola International"
NPA,"- Pensacola, FL: Pensacola NAS"
PIA,"- Peoria, IL: General Downing - Peoria International"
KPV,"- Perryville, AK: Perryville Airport"
VYS,"- Peru, IL: Illinois Valley Regional"
GUS,"- Peru, IN: Grissom ARB"
PSG,"- Petersburg, AK: Petersburg James A Johnson"
PNF,"- Peterson's Point, AK: Peterson's Point Airport"
PNE,"- Philadelphia, PA: Northeast Philadelphia"
LUF,"- Phoenix, AZ: Luke AFB"
DVT,"- Phoenix, AZ: Phoenix - Deer Valley"
AZA,"- Phoenix, AZ: Phoenix - Mesa Gateway"
SCF,"- Phoenix, AZ: Scottsdale"
PIR,"- Pierre, SD: Pierre Regional"
PIP,"- Pilot Point, AK: Pilot Point Airport"
UGB,"- Pilot Point, AK: Ugashik Bay"
PQS,"- Pilot Station, AK: Pilot Station Airport"
SOP,"- Pinehurst/Southern Pines, NC: Moore County"
AGC,"- Pittsburgh, PA: Allegheny County"
PIT,"- Pittsburgh, PA: Pittsburgh International"
PSF,"- Pittsfield, MA: Pittsfield Municipal"
PTU,"- Platinum, AK: Platinum Airport"
PLB,"- Plattsburgh, NY: Clinton County"
PBG,"- Plattsburgh, NY: Plattsburgh International"
PTR,"- Pleasant Harbour, AK: Pleasant Harbour Airport"
PIH,"- Pocatello, ID: Pocatello Regional"
A27,"- Pogo Mines, AK: Pogo Mines Airport"
KPB,"- Point Baker, AK: Point Baker Airport"
PHO,"- Point Hope, AK: Point Hope Airport"
PIZ,"- Point Lay, AK: Point Lay LRRS"
POQ,"- Polk Inlet, AK: Polk Inlet Airport"
PNC,"- Ponca City, OK: Ponca City Regional"
PSE,"- Ponce, PR: Mercedita"
PTK,"- Pontiac, MI: Oakland County International"
PVY,"- Pope Vanoy, AK: Pope Vanoy Airport"
PTD,"- Port Alexander, AK: Port Alexander Airport"
PTC,"- Port Alice, AK: Port Alice Airport"
PTA,"- Port Alsworth, AK: Port Alsworth Airport"
CLM,"- Port Angeles, WA: William R. Fairchild International"
PTL,"- Port Armstrong, AK: Port Armstrong Airport"
KPY,"- Port Bailey, AK: Port Bailey Airport"
KPC,"- Port Clarence, AK: Port Clarence CGS"
PGM,"- Port Graham, AK: Port Graham Airport"
PTH,"- Port Heiden, AK: Port Heiden Airport"
A48,"- Port Hobron, AK: Port Hobron Airport"
ORI,"- Port Lions, AK: Port Lions Airport"
PML,"- Port Moller, AK: Port Moller Airport"
PPV,"- Port Protection, AK: Port Protection Airport"
TWD,"- Port Townsend, WA: Jefferson County International"
A17,"- Port Vita, AK: Port Vita Airport"
KPR,"- Port Williams, AK: Port Williams Airport"
PCA,"- Portage Creek, AK: Portage Creek Airport"
WQU,"- Portales, NM: Portales Municipal"
PTV,"- Porterville, CA: Porterville Municipal"
PWM,"- Portland, ME: Portland International Jetport"
PSM,"- Portsmouth, NH: Portsmouth International at Pease"
PRC,"- Prescott, AZ: Prescott Regional Ernest A Love Field"
PQI,"- Presque Isle/Houlton, ME: Presque Isle International"
PUC,"- Price, UT: Carbon County Regional/Buck Davis Field"
PCT,"- Princeton, NJ: Princeton Airport"
BLF,"- Princeton/Bluefield, WV: Mercer County"
PPC,"- Prospect Creek, AK: Prospect Creek Airport"
PVD,"- Providence, RI: Theodore Francis Green State"
PVC,"- Provincetown, MA: Provincetown Municipal"
PVU,"- Provo, UT: Provo Municipal"
PUO,"- Prudhoe Bay, AK: Prudhoe Bay Airport"
A39,"- Ptarmigan Lake, AK: Ptarmigan Lake Airport"
PUB,"- Pueblo, CO: Pueblo Memorial"
PUW,"- Pullman, WA: Pullman Moscow Regional"
OQP,"- Pumice, AK: Pumice Airport"
PGD,"- Punta Gorda, FL: Punta Gorda Airport"
AK5,"- Qugruc, AK: Qugruc Airport"
UIN,"- Quincy, IL: Quincy Regional-Baldwin Field"
KWN,"- Quinhagak, AK: Quinhagak Airport"
RDU,"- Raleigh/Durham, NC: Raleigh-Durham International"
RMP,"- Rampart, AK: Rampart Airport"
RCA,"- Rapid City, SD: Ellsworth AFB"
RAP,"- Rapid City, SD: Rapid City Regional"
RSP,"- Raspberry Strait, AK: Raspberry Straits"
RDG,"- Reading, PA: Reading Regional/Carl A Spaatz Field"
RDV,"- Red Devil, AK: Red Devil Airport"
RDB,"- Red Dog, AK: Red Dog Airport"
A76,"- Red Fox Bay, AK: Red Fox Bay Airport"
A04,"- Red Lake, AK: Red Lake Airport"
RDR,"- Red River, ND: Grand Forks AFB"
RDD,"- Redding, CA: Redding Municipal"
RNO,"- Reno, NV: Reno/Tahoe International"
RNT,"- Renton, WA: Renton Municipal"
RHI,"- Rhinelander, WI: Rhinelander/Oneida County"
RIC,"- Richmond, VA: Richmond International"
RIL,"- Rifle, CO: Rifle Garfield County"
RIV,"- Riverside, CA: March ARB"
RIW,"- Riverton/Lander, WY: Riverton Regional"
ROA,"- Roanoke, VA: Roanoke Blacksburg Regional Woodrum Field"
RCE,"- Roche Harbor, WA: Roche Harbor Airport"
RST,"- Rochester, MN: Rochester International"
ROC,"- Rochester, NY: Greater Rochester International"
RKS,"- Rock Springs, WY: Southwest Wyoming Regional"
RFD,"- Rockford, IL: Chicago/Rockford International"
RKD,"- Rockland, ME: Knox County Regional"
RWI,"- Rocky Mount, NC: Rocky Mount-Wilson Regional"
ROG,"- Rogers, AR: Rogers Executive Carter Field"
FAL,"- Roma, TX: Falcon State Park"
RMG,"- Rome, GA: Richard B Russell Regional J H Towers Field"
RME,"- Rome, NY: Griffiss International"
ROL,"- Roosevelt, UT: Roosevelt Municipal"
RSJ,"- Rosario, WA: Rosario Seaplane Base"
ROW,"- Roswell, NM: Roswell International Air Center"
ROP,"- Rota, TT: Benjamin Taisacan Manglona International"
RBY,"- Ruby, AK: Ruby Airport"
RUI,"- Ruidoso, NM: Sierra Blanca Regional"
RSH,"- Russian Mission, AK: Russian Mission Airport"
RSN,"- Ruston, LA: Ruston Regional"
RUT,"- Rutland, VT: Rutland - Southern Vermont Regional"
MCC,"- Sacramento, CA: McClellan Airfield"
SAC,"- Sacramento, CA: Sacramento Executive"
SMF,"- Sacramento, CA: Sacramento International"
SAD,"- Safford, AZ: Safford Regional"
MBS,"- Saginaw/Bay City/Midland, MI: MBS International"
SPN,"- Saipan, TT: Francisco C. Ada Saipan International"
SLE,"- Salem, OR: McNary Field"
SLT,"- Salida, CO: Salida Airport Harriett Alexander Field"
SLN,"- Salina, KS: Salina Regional"
SNS,"- Salinas/Monterey, CA: Salinas Municipal"
SBY,"- Salisbury, MD: Salisbury-Ocean City/Wicomico Regional"
SMN,"- Salmon, ID: Lemhi County"
ZXM,"- Saltery Cove, AK: Saltery Cove Airport"
SJT,"- San Angelo, TX: San Angelo Regional/Mathis Field"
SKF,"- San Antonio, TX: Kelly Field"
SAT,"- San Antonio, TX: San Antonio International"
SBD,"- San Bernardino, CA: San Bernardino International"
SQL,"- San Carlos, CA: San Carlos Airport"
NKX,"- San Diego, CA: Miramar MCAS"
MYF,"- San Diego, CA: Montgomery Gibbs Executive"
NZY,"- San Diego, CA: North Island NAS"
SJC,"- San Jose, CA: Norman Y. Mineta San Jose International"
WSJ,"- San Juan, AK: San Juan Airport"
SIG,"- San Juan, PR: Isla Grande"
SJU,"- San Juan, PR: Luis Munoz Marin International"
SBP,"- San Luis Obispo, CA: San Luis County Regional"
SDP,"- Sandpoint, AK: Sand Point"
KSR,"- Sandy River, AK: Federal No.1"
OQS,"- Sandy, AK: Sandy Airport"
SFB,"- Sanford, FL: Orlando Sanford International"
SNA,"- Santa Ana, CA: John Wayne Airport-Orange County"
SBA,"- Santa Barbara, CA: Santa Barbara Municipal"
SAF,"- Santa Fe, NM: Santa Fe Municipal"
SMX,"- Santa Maria, CA: Santa Maria Public/Capt. G. Allan Hancock Field"
SMO,"- Santa Monica, CA: Santa Monica Municipal"
STS,"- Santa Rosa, CA: Charles M. Schulz - Sonoma County"
SQA,"- Santa Ynez, CA: Santa Ynez Airport"
SLK,"- Saranac Lake/Lake Placid, NY: Adirondack Regional"
SRQ,"- Sarasota/Bradenton, FL: Sarasota/Bradenton International"
CIU,"- Sault Ste. Marie, MI: Chippewa County International"
SVN,"- Savannah, GA: Hunter AAF"
SAV,"- Savannah, GA: Savannah/Hilton Head International"
SVA,"- Savoonga, AK: Savoonga Airport"
SCM,"- Scammon Bay, AK: Scammon Bay Airport"
BFF,"- Scottsbluff, NE: Western Neb. Regional/William B. Heilig Field"
AVP,"- Scranton/Wilkes-Barre, PA: Wilkes Barre Scranton International"
SYB,"- Seal Bay, AK: Seal Bay Airport"
BFI,"- Seattle, WA: Boeing Field/King County International"
LKE,"- Seattle, WA: Lake Union Terminal"
SDX,"- Sedona, AZ: Sedona Airport"
A07,"- Selawik, AK: Roland Norton Memorial"
WLK,"- Selawik, AK: Selawik Airport"
SOV,"- Seldovia, AK: Seldovia Airport"
A31,"- Selief Bay, AK: Selief Bay Airport"
SEM,"- Selma, AL: Craig Field"
SQV,"- Sequim, WA: Sequim Valley"
SWD,"- Seward, AK: Seward Airport"
SHX,"- Shageluk, AK: Shageluk Airport"
SKK,"- Shaktoolik, AK: Shaktoolik Airport"
A90,"- Shannon Pond, AK: Shannon Pond Airport"
WA3,"- Shaw Island, WA: Shaw Islands Water Aerodrome"
A77,"- Shearwater, AK: Shearwater Airport"
SXP,"- Sheldon Point, AK: Nunam Iqua"
SYA,"- Shemya, AK: Eareckson AS"
SHR,"- Sheridan, WY: Sheridan County"
PNX,"- Sherman-Denison, TX: Sherman-Denison Airport"
OQV,"- Shirleyville, AK: Shirleyville Airport"
SHH,"- Shishmaref, AK: Shishmaref Airport"
SOW,"- Show Low, AZ: Show Low Regional"
BAD,"- Shreveport, LA: Barksdale AFB"
SHV,"- Shreveport, LA: Shreveport Regional"
SHG,"- Shungnak, AK: Shungnak Airport"
SDY,"- Sidney, MT: Sidney Richland Regional"
SVC,"- Silver City/Hurley, NM: Grant County"
SUX,"- Sioux City, IA: Sioux Gateway Brig Gen Bud Day Field"
FSD,"- Sioux Falls, SD: Joe Foss Field"
NKT,"- Sirnak, Turkey: Serafettin Elci"
SIT,"- Sitka, AK: Sitka Rocky Gutierrez"
SKJ,"- Sitkinak, AK: Sitkinak CGS"
SGY,"- Skagway, AK: Skagway Airport"
SKW,"- Skwentna, AK: Skwentna Airport"
TX8,"- Slaton, TX: Slaton Municipal"
SLQ,"- Sleetmute, AK: Sleetmute Airport"
SCJ,"- Smith Cove, AK: Smith Cove Airport"
MQY,"- Smyrna, TN: Smyrna Airport"
SXQ,"- Soldotna, AK: Soldotna Airport"
SBN,"- South Bend, IN: South Bend International"
WSN,"- South Naknek, AK: South Naknek 2"
SVW,"- Sparrevohn, AK: Sparrevohn LRRS"
GEG,"- Spokane, WA: Spokane International"
SPI,"- Springfield, IL: Abraham Lincoln Capital"
SGF,"- Springfield, MO: Springfield-Branson National"
UST,"- St. Augustine, FL: Northeast Florida Regional"
STC,"- St. Cloud, MN: St. Cloud Regional"
STG,"- St. George Island, AK: St. George Island Airport"
SGU,"- St. George, UT: St George Regional"
STJ,"- St. Joseph, MO: Rosecrans Memorial"
CPS,"- St. Louis, MO: Bi-State Parks"
SUS,"- St. Louis, MO: Spirit of St. Louis"
STL,"- St. Louis, MO: St Louis Lambert International"
KSM,"- St. Mary's, AK: St. Mary's Airport"
SMK,"- St. Michael, AK: St. Michael Airport"
SNP,"- St. Paul, AK: St. Paul Island"
PIE,"- St. Petersburg, FL: St Pete Clearwater International"
RMN,"- Stafford, VA: Stafford Regional"
STF,"- Starkville, MS: George M. Bryan"
SCE,"- State College, PA: University Park"
SHD,"- Staunton, VA: Shenandoah Valley Regional"
WSB,"- Steamboat Bay, AK: Steamboat Bay Airport"
WBB,"- Stebbins, AK: Stebbins Airport"
WA6,"- Stehekin, WA: Stehekin Seaplane Landing"
VZO,"- Stepovak, AK: Stepovak Airport"
SQI,"- Sterling/Rockfalls, IL: Whiteside County-Jos H. Bittorf Field"
SVS,"- Stevens Village, AK: Stevens Village Airport"
SWO,"- Stillwater, OK: Stillwater Regional"
SCK,"- Stockton, CA: Stockton Metropolitan"
SRV,"- Stony River, AK: Stony River Airport"
SLR,"- Sulphur Springs, TX: Sulphur Springs Municipal"
SSC,"- Sumter, SC: Shaw AFB"
SUN,"- Sun Valley/Hailey/Ketchum, ID: Friedman Memorial"
AL9,"- Sylacauga, AL: Merkel Field Sylacauga Municipal"
SYR,"- Syracuse, NY: Syracuse Hancock International"
TCM,"- Tacoma, WA: McChord Field"
TIW,"- Tacoma, WA: Tacoma Narrows"
TCT,"- Takotna, AK: Takotna Airport"
TKA,"- Talkeetna, AK: Talkeetna Airport"
ASN,"- Talladega, AL: Talladega Municipal"
TLH,"- Tallahassee, FL: Tallahassee International"
MCF,"- Tampa, FL: Macdill AFB"
TAL,"- Tanana, AK: Ralph M Calhoun Memorial"
TSM,"- Taos, NM: Taos Regional"
TLJ,"- Tatalina, AK: Tatalina LRRS"
TEK,"- Tatitlek, AK: Tatitlek Airport"
TAV,"- Tau, TT: Tau Airport"
TWE,"- Taylor, AK: Taylor Airport"
TLF,"- Telida, AK: Telida Airport"
TLA,"- Teller, AK: Teller Airport"
TEX,"- Telluride, CO: Telluride Regional"
TKE,"- Tenakee, AK: Tenakee Airport"
HUF,"- Terre Haute, IN: Terre Haute Regional"
A30,"- Terror Lake, AK: Terror Lake Airport"
TEB,"- Teterboro, NJ: Teterboro Airport"
TEH,"- Tetlin, AK: Tetlin Airport"
TXK,"- Texarkana, AR: Texarkana Regional-Webb Field"
DLS,"- The Dalles, OR: Columbia Gorge Regional/The Dalles Municipal"
TRM,"- Thermal, CA: Jacqueline Cochran Regional"
TVF,"- Thief River Falls, MN: Thief River Falls Regional"
KTB,"- Thorne Bay, AK: Thorne Bay Seaplane Base"
TNC,"- Tin City, AK: Tin City LRRS"
TIQ,"- Tinian, TT: Tinian International"
TOG,"- Togiak, AK: Togiak Airport"
TKJ,"- Tok, AK: Tok Junction"
TKI,"- Tokeen, AK: Tokeen Airport"
OOK,"- Toksook, AK: Toksook Bay"
TOL,"- Toledo, OH: Toledo Express"
TPH,"- Tonopah, NV: Tonopah Airport"
FOE,"- Topeka, KS: Topeka Regional"
JZE,"- Trading Bay, AK: Trading Bay Production"
TVC,"- Traverse City, MI: Cherry Capital"
TTN,"- Trenton, NJ: Trenton Mercer"
TTD,"- Troutdale, OR: Portland Troutdale"
TKF,"- Truckee, CA: Truckee Tahoe"
TUS,"- Tucson, AZ: Tucson International"
TUL,"- Tulsa, OK: Tulsa International"
TLT,"- Tuluksak, AK: Tuluksak Airport"
UTM,"- Tunica, MS: Tunica Municipal"
WTL,"- Tuntutuliak, AK: Tuntutuliak Airport"
TNK,"- Tununak, AK: Tununak Airport"
TUP,"- Tupelo, MS: Tupelo Regional"
TCL,"- Tuscaloosa, AL: Tuscaloosa Regional"
TWF,"- Twin Falls, ID: Joslin Field - Magic Valley Regional"
TWA,"- Twin Hills, AK: Twin Hills Airport"
TYR,"- Tyler, TX: Tyler Pounds Regional"
TYE,"- Tyonek, AK: Tyonek Airport"
UGI,"- Uganik, AK: Uganik Airport"
UGS,"- Ugashik, AK: Ugashik Airport"
UMT,"- Umiat, AK: Umiat Airport"
UMB,"- Umnak, AK: North Shore"
UNK,"- Unalakleet, AK: Unalakleet Airport"
DUT,"- Unalaska, AK: Unalaska Airport"
UTO,"- Utopia, AK: Indian Mountain LRRS"
VDZ,"- Valdez, AK: Valdez Pioneer Field"
VLD,"- Valdosta, GA: Valdosta Regional"
VPS,"- Valparaiso, FL: Eglin AFB Destin Fort Walton Beach"
VPZ,"- Valparaiso, IN: Porter County Regional"
VNY,"- Van Nuys, CA: Van Nuys Airport"
VUO,"- Vancouver, WA: Pearson Field"
VEE,"- Venetie, AK: Venetie Airport"
VEL,"- Vernal, UT: Vernal Regional"
VRB,"- Vero Beach, FL: Vero Beach Regional"
VCT,"- Victoria, TX: Victoria Regional"
VCV,"- Victorville, CA: Southern California Logistics"
A67,"- Viekoda Bay, AK: Viekoda Bay Airport"
VQS,"- Vieques, PR: Antonio Rivera Rodriguez"
VCB,"- View Cove, AK: View Cove Airport"
A70,"- Village Islands, AK: Village Islands Airport"
VIS,"- Visalia, CA: Visalia Municipal"
OQI,"- Vrems, AK: Vrems Airport"
CNW,"- Waco, TX: TSTC Waco"
ACT,"- Waco, TX: Waco Regional"
AIN,"- Wainwright, AK: Wainwright Airport"
AWK,"- Wake Island, TT: Wake Island Airfield"
WAA,"- Wales, AK: Wales Airport"
ALW,"- Walla Walla, WA: Walla Walla Regional"
WWA,"- Wasilla, AK: Wasilla Airport"
OXC,"- Waterbury, CT: Waterbury Oxford"
KWF,"- Waterfall, AK: Waterfall Seaplane Base"
ALO,"- Waterloo, IA: Waterloo Regional"
ART,"- Watertown, NY: Watertown International"
ATY,"- Watertown, SD: Watertown Regional"
EAT,"- Wenatchee, WA: Pangborn Memorial"
ENV,"- Wendover, UT: Wendover Airport"
VT1,"- West Dover, VT: Deerfield Valley Regional"
AWM,"- West Memphis, AR: West Memphis Municipal"
PBI,"- West Palm Beach/Palm Beach, FL: Palm Beach International"
KWP,"- West Point, AK: West Point Village"
WYS,"- West Yellowstone, MT: Yellowstone"
WST,"- Westerly, RI: Westerly State"
BAF,"- Westfield, MA: Westfield Barnes Regional"
FOK,"- Westhampton, NY: Francis S. Gabreski"
WSX,"- Westsound, WA: Westsound Airport"
WWP,"- Whale Pass, AK: Whale Pass Airport"
WMO,"- White Mountain, AK: White Mountain Airport"
HPN,"- White Plains, NY: Westchester County"
DQS,"- Whitmore, AZ: Grand Canyon Bar Ten Airstrip"
SPS,"- Wichita Falls, TX: Sheppard AFB/Wichita Falls Municipal"
ICT,"- Wichita, KS: Wichita Dwight D Eisenhower National"
WDB,"- Wide Bay, AK: Wide Bay Airport"
VZN,"- Wildman Creek, AK: Wildman Creek Airport"
IPT,"- Williamsport, PA: Williamsport Regional"
ISN,"- Williston, ND: Sloulin Field International"
XWA,"- Williston, ND: Williston Basin International"
WOW,"- Willow, AK: Willow Airport"
ILG,"- Wilmington, DE: New Castle"
ILM,"- Wilmington, NC: Wilmington International"
ILN,"- Wilmington, OH: Wilmington Air Park"
WGO,"- Winchester, VA: Winchester Regional"
INW,"- Winslow, AZ: Winslow-Lindbergh Regional"
INT,"- Winston-Salem, NC: Smith Reynolds"
WA5,"- Winthrop, WA: Methow Valley State"
WSM,"- Wiseman, AK: Wiseman Airport"
OLF,"- Wolf Point, MT: L. M. Clayton"
ORH,"- Worcester, MA: Worcester Regional"
WRL,"- Worland, WY: Worland Municipal"
WRG,"- Wrangell, AK: Wrangell Airport"
YKM,"- Yakima, WA: Yakima Air Terminal/McAllister Field"
YAK,"- Yakutat, AK: Yakutat Airport"
XWC,"- Yantarni Bay, AK: Yantarni Bay Airport"
WYB,"- Yes Bay, AK: Yes Bay Lodge Seaplane Base"
YNG,"- Youngstown/Warren, OH: Youngstown-Warren Regional"
A63,"- Yukon Charley Rivvers, AK: Coal Creek"
YUM,"- Yuma, AZ: Yuma MCAS/Yuma International"
NYL,"- Yuma, AZ: Yuma MCAS/Yuma International"
KZB,"- Zachar Bay, AK: Zachar Bay Airport"
AK8,"- Zips, AK: Zips Airport"
